word,JJ-0,NN-0,JJ-1
the,0,0,0
of,0,0,0
and,0,0,0
in,0,0,0
a,0,0,0
to,0,0,0
is,0,0,0
was,0,0,0
that,0,0,0
for,0,0,0
it,0,0,0
on,0,0,0
you,0,0,0
with,0,0,0
as,0,0,0
he,0,0,0
by,0,0,0
at,0,0,0
are,0,0,0
from,0,0,0
his,0,0,0
what,0,0,0
i,0,0,0
they,0,0,0
do,0,0,0
an,0,0,0
this,0,0,0
have,0,0,0
be,0,0,0
said,0,0,0
not,0,0,0
were,0,0,0
has,0,0,0
one,0,1,0
there,0,0,0
who,0,0,0
but,0,0,0
also,0,0,0
she,0,0,0
which,0,0,0
their,0,0,0
or,0,0,0
can,0,0,0
had,0,0,0
we,0,0,0
first,1,0,1
her,0,0,0
up,0,0,0
more,0,0,0
about,0,0,0
its,0,0,0
where,0,0,0
no,0,0,0
all,0,0,0
two,0,0,0
been,0,0,0
oh,0,0,0
like,0,0,0
did,0,0,0
other,1,0,1
when,0,0,0
would,0,0,0
out,0,0,0
some,0,0,0
people,0,0,0
okay,0,0,0
time,0,1,0
them,0,0,0
here,0,0,0
your,0,0,0
will,0,0,0
after,0,0,0
see,0,0,0
new,1,0,1
over,0,0,0
now,0,0,0
go,0,0,0
into,0,0,0
so,0,0,0
get,0,0,0
years,0,0,0
right,1,0,1
then,0,0,0
than,0,0,0
him,0,0,0
well,0,0,0
want,0,0,0
just,0,0,0
yeah,0,0,0
how,0,0,0
year,0,1,0
many,0,0,0
school,0,1,0
only,0,0,0
put,0,0,0
if,0,0,0
could,0,0,0
three,0,0,0
me,0,0,0
made,0,0,0
know,0,0,0
good,1,0,1
most,0,0,0
does,0,0,0
make,0,0,0
back,0,0,0
these,0,0,0
think,0,0,0
during,0,0,0
because,0,0,0
look,0,0,0
down,0,0,0
work,0,1,0
let,1,0,1
part,0,1,0
known,1,0,1
between,0,0,0
little,1,0,1
used,1,0,1
team,0,0,0
later,0,0,0
say,0,0,0
family,0,1,0
season,0,1,0
found,1,0,1
called,0,0,0
going,0,0,0
come,0,0,0
take,0,0,0
born,0,0,0
may,0,0,0
state,0,1,0
government,0,1,0
including,0,0,0
became,0,0,0
group,0,1,0
around,0,0,0
way,0,1,0
play,0,1,0
name,0,1,0
last,1,0,1
students,0,0,0
use,0,0,0
another,0,0,0
home,0,1,0
high,1,0,1
much,0,0,0
still,1,0,1
water,0,1,0
day,0,1,0
got,0,0,0
children,0,0,0
played,0,0,0
number,0,1,0
help,0,0,0
world,0,1,0
since,0,0,0
game,0,1,0
even,1,0,1
long,1,0,1
city,0,1,0
released,1,0,1
big,1,0,1
species,0,0,0
film,0,1,0
old,1,0,1
album,0,1,0
book,0,1,0
house,0,1,0
won,0,0,0
place,0,1,0
took,0,0,0
several,0,0,0
show,0,1,0
end,0,1,0
area,0,1,0
country,0,1,0
says,0,0,0
company,0,1,0
began,0,0,0
based,0,0,0
need,0,0,0
life,0,1,0
wanna,0,0,0
music,0,1,0
early,1,0,1
population,0,1,0
series,0,0,0
yes,0,0,0
national,1,0,1
million,0,0,0
small,1,0,1
left,1,0,1
went,0,0,0
different,1,0,1
public,1,1,1
village,0,1,0
former,1,0,1
states,0,0,0
held,0,0,0
away,0,0,0
following,1,0,1
money,0,1,0
came,0,0,0
song,0,1,0
next,1,0,1
something,0,1,0
president,0,1,0
mommy,0,0,0
member,0,1,0
food,0,1,0
find,0,1,0
located,0,0,0
set,0,1,0
named,0,0,0
women,0,0,0
died,0,0,0
building,0,1,0
started,0,0,0
give,0,0,0
received,1,0,1
really,0,0,0
head,0,1,0
huh,0,0,0
along,0,0,0
law,0,1,0
served,0,0,0
better,1,0,1
top,1,1,1
members,0,0,0
large,1,0,1
single,1,0,1
study,0,1,0
built,0,0,0
local,1,0,1
program,0,1,0
car,0,1,0
side,0,1,0
system,0,1,0
baby,0,1,0
white,1,0,1
line,0,1,0
eat,0,0,0
include,0,1,0
near,1,0,1
best,1,0,1
making,0,0,0
however,0,0,0
club,0,1,0
war,0,1,0
percent,0,0,0
north,1,0,1
century,0,1,0
games,0,0,0
things,0,0,0
become,0,0,0
south,1,0,1
father,0,1,0
together,0,0,0
black,1,0,1
often,0,0,0
might,0,0,0
man,0,1,0
open,1,0,1
young,1,0,1
men,0,0,0
service,0,1,0
final,1,1,1
schools,0,0,0
tell,0,0,0
published,0,0,0
history,0,1,0
working,1,0,1
daddy,0,1,0
important,1,0,1
every,0,0,0
band,0,1,0
story,0,1,0
live,1,0,1
today,0,0,0
among,0,0,0
football,0,1,0
led,0,0,0
police,0,1,0
though,0,0,0
change,0,1,0
within,0,0,0
families,0,0,0
son,0,1,0
moved,0,0,0
death,0,1,0
never,0,0,0
days,0,0,0
district,0,1,0
station,0,1,0
times,0,0,0
without,0,0,0
others,0,0,0
using,0,0,0
works,0,0,0
career,0,1,0
included,0,0,0
support,0,1,0
community,0,1,0
run,0,0,0
playing,1,0,1
great,1,0,1
research,0,1,0
university,0,1,0
record,0,1,0
due,0,0,0
health,0,1,0
town,0,1,0
military,0,1,0
major,1,1,1
age,0,1,0
half,1,0,1
worked,0,0,0
turn,0,1,0
scientists,0,0,0
late,1,0,1
wrote,0,0,0
business,0,1,0
less,0,0,0
across,0,0,0
else,0,0,0
week,0,1,0
main,1,0,1
must,0,0,0
mother,0,1,0
education,0,1,0
lot,0,1,0
lost,1,0,1
goes,0,0,0
college,0,1,0
player,0,1,0
keep,0,0,0
land,0,1,0
level,0,1,0
given,1,0,1
announced,1,0,1
enough,0,0,0
us,0,0,0
able,1,0,1
read,0,0,0
kind,0,1,0
class,0,1,0
international,1,0,1
kids,0,0,0
census,0,1,0
hard,1,0,1
boy,0,1,0
countries,0,0,0
united,1,0,1
full,1,0,1
already,0,0,0
red,1,0,1
parents,0,0,0
try,0,0,0
order,0,1,0
director,0,1,0
video,0,1,0
thought,0,1,0
seen,0,0,0
far,1,0,1
form,0,1,0
described,1,0,1
joined,0,0,0
alright,1,0,1
free,1,0,1
start,0,1,0
night,0,0,0
created,1,0,1
done,0,0,0
site,0,1,0
power,0,1,0
party,0,1,0
gave,0,0,0
win,0,1,0
church,0,1,0
point,0,1,0
players,0,0,0
west,1,0,1
information,0,1,0
ball,0,1,0
close,1,0,1
role,0,1,0
round,1,0,1
getting,0,0,0
told,0,0,0
almost,0,0,0
according,0,0,0
months,0,0,0
animals,0,0,0
outside,1,0,1
art,0,1,0
period,0,1,0
groups,0,0,0
lead,0,0,0
case,0,1,0
saw,0,1,0
added,1,0,1
american,1,1,1
nice,1,0,1
officials,0,0,0
established,1,0,1
project,0,1,0
air,0,1,0
title,0,1,0
general,1,1,1
center,0,1,0
returned,0,0,0
political,1,0,1
written,1,0,1
areas,0,0,0
move,0,1,0
finished,1,0,1
original,1,0,1
sit,0,0,0
social,1,0,1
hand,0,1,0
teams,0,0,0
job,0,1,0
sure,0,0,0
ago,0,0,0
short,1,0,1
control,0,1,0
love,0,1,0
produced,1,0,1
election,0,1,0
room,0,1,0
development,0,1,0
yet,0,0,0
park,0,1,0
field,0,1,0
fish,0,1,0
body,0,1,0
various,0,0,0
ever,0,0,0
girl,0,1,0
event,0,1,0
killed,0,0,0
child,0,1,0
makes,0,0,0
married,1,0,1
taken,0,0,0
thing,0,1,0
behind,0,0,0
least,0,0,0
founded,0,0,0
east,1,0,1
signed,1,0,1
office,0,1,0
california,0,0,0
taking,0,0,0
honey,0,1,0
obama,0,0,0
real,1,0,1
companies,0,0,0
wife,0,1,0
court,0,1,0
face,0,1,0
trying,0,0,0
workers,0,0,0
ya,0,0,0
stop,0,1,0
professional,1,1,1
production,0,1,0
example,0,1,0
idea,0,1,0
looking,0,0,0
television,0,1,0
elected,1,0,1
human,0,1,0
opened,1,0,1
maybe,0,0,0
special,1,0,1
books,0,0,0
hit,0,1,0
total,0,0,0
fire,0,1,0
past,1,1,1
soon,0,0,0
person,0,1,0
color,0,1,0
league,0,1,0
similar,1,0,1
wanted,1,0,1
recorded,1,0,1
problem,0,0,0
sent,0,0,0
per,0,0,0
comes,0,0,0
light,0,1,0
bring,0,0,0
considered,0,0,0
green,1,0,1
box,0,1,0
remember,0,0,0
list,0,1,0
uh,0,0,0
region,0,1,0
daughter,0,1,0
language,0,1,0
sold,0,0,0
match,0,1,0
debut,0,1,0
services,0,0,0
space,0,1,0
release,0,1,0
happened,0,0,0
sometimes,0,0,0
continued,1,0,1
hold,0,0,0
instead,0,0,0
popular,1,0,1
rights,0,0,0
asked,0,0,0
ground,0,1,0
co,0,0,0
result,0,1,0
leave,0,0,0
train,0,1,0
appeared,0,0,0
always,0,0,0
coming,1,0,1
race,0,1,0
call,0,1,0
non,1,0,1
reported,1,0,1
shows,0,0,0
care,0,0,0
month,0,1,0
track,0,1,0
living,1,0,1
blue,1,0,1
problems,0,0,0
pretty,1,0,1
road,0,1,0
training,0,1,0
position,0,1,0
ready,1,0,1
sea,0,1,0
front,1,0,1
points,0,0,0
means,0,0,0
currently,0,0,0
lives,0,0,0
although,0,0,0
pay,0,0,0
wants,0,0,0
developed,1,0,1
official,1,1,1
common,1,0,1
largest,0,0,0
uhhuh,0,0,0
department,0,1,0
low,1,0,1
brother,0,1,0
stay,0,1,0
available,1,0,1
plant,0,1,0
events,0,0,0
technology,0,1,0
science,0,1,0
formed,0,0,0
helped,0,0,0
inside,1,0,1
present,1,1,1
version,0,1,0
involved,1,0,1
decided,0,0,0
mean,1,0,1
feet,0,0,0
plan,0,1,0
whose,0,0,0
goal,0,1,0
summer,0,1,0
student,0,1,0
nearly,0,0,0
addition,0,1,0
brought,0,0,0
term,0,1,0
looks,0,0,0
talk,0,1,0
includes,0,0,0
runs,0,0,0
process,0,1,0
songs,0,0,0
average,1,1,1
report,0,1,0
paper,0,1,0
girls,0,0,0
parts,0,0,0
recent,1,0,1
running,1,0,1
appointed,1,0,1
whether,0,0,0
industry,0,1,0
studies,0,0,0
federal,1,0,1
either,0,0,0
watch,0,1,0
news,0,1,0
washington,0,0,0
allowed,0,0,0
spent,1,0,1
usually,0,0,0
possible,1,0,1
wait,0,0,0
likely,1,0,1
cut,0,1,0
natural,1,0,1
middle,1,1,1
poor,1,0,1
designed,1,0,1
changed,1,0,1
rock,0,1,0
design,0,1,0
future,1,1,1
cost,0,1,0
feel,0,0,0
brown,1,0,1
test,0,1,0
organization,0,1,0
ice,0,1,0
saying,0,0,0
build,0,1,0
coach,0,1,0
hours,0,0,0
central,1,0,1
eventually,0,0,0
probably,0,0,0
campaign,0,1,0
bear,0,1,0
current,1,1,1
range,0,1,0
bad,1,0,1
strong,1,0,1
fall,0,1,0
minutes,0,0,0
winning,1,0,1
private,1,0,1
features,0,0,0
friends,0,0,0
decision,0,1,0
construction,0,1,0
media,0,1,0
whole,1,0,1
provide,0,0,0
cause,0,1,0
leading,1,0,1
changes,0,0,0
rules,0,0,0
southern,1,0,1
competition,0,1,0
programs,0,0,0
municipality,0,1,0
island,0,1,0
picture,0,1,0
river,0,1,0
native,1,0,1
followed,0,0,0
fight,0,1,0
modern,1,0,1
radio,0,1,0
stage,0,1,0
data,0,1,0
store,0,1,0
throughout,0,0,0
actually,0,0,0
performed,0,0,0
earlier,0,0,0
attack,0,1,0
professor,0,1,0
weeks,0,0,0
directed,1,0,1
draw,0,1,0
growing,1,0,1
course,0,1,0
floor,0,1,0
lived,0,0,0
board,0,1,0
morning,0,1,0
dog,0,1,0
writing,0,1,0
rest,0,1,0
hey,0,0,0
hair,0,1,0
anything,0,0,0
online,1,0,1
style,0,1,0
scored,0,0,0
ah,0,0,0
action,0,1,0
remained,0,0,0
performance,0,1,0
post,0,1,0
forces,0,0,0
placed,1,0,1
force,0,1,0
county,0,1,0
especially,0,0,0
woman,0,1,0
recently,0,0,0
loss,0,1,0
yellow,1,0,1
featured,1,0,1
bird,0,1,0
buildings,0,0,0
rather,0,0,0
completed,0,0,0
type,0,1,0
degree,0,1,0
higher,0,0,0
table,0,1,0
leader,0,1,0
reached,0,0,0
china,0,0,0
longer,0,0,0
re,0,0,0
awarded,1,0,1
push,0,1,0
tree,0,1,0
turned,0,0,0
researchers,0,0,0
museum,0,1,0
takes,0,0,0
plans,0,0,0
success,0,1,0
shot,0,1,0
sports,0,0,0
army,0,1,0
piece,0,1,0
aircraft,0,1,0
plays,0,0,0
bit,0,1,0
previous,1,0,1
minute,0,1,0
originally,0,0,0
leaders,0,0,0
oil,0,1,0
noted,1,0,1
genus,0,1,0
ship,0,1,0
create,0,0,0
cars,0,0,0
needs,0,0,0
movement,0,1,0
chair,0,1,0
fact,0,1,0
hands,0,0,0
buy,0,0,0
market,0,1,0
nation,0,1,0
disease,0,1,0
please,0,0,0
episode,0,1,0
americans,0,0,0
animal,0,1,0
um,0,0,0
fell,0,0,0
successful,1,0,1
related,1,0,1
artist,0,1,0
bed,0,1,0
issue,0,1,0
provided,0,0,0
milk,0,1,0
pick,0,1,0
listed,1,0,1
ran,0,0,0
everything,0,0,0
met,0,0,0
wow,0,0,0
deal,0,1,0
owned,1,0,1
western,1,0,1
miles,0,0,0
ended,1,0,1
movie,0,1,0
friend,0,1,0
cities,0,0,0
gold,1,1,1
word,0,1,0
active,1,0,1
attended,1,0,1
believe,0,0,0
hi,0,0,0
contract,0,1,0
closed,1,0,1
needed,1,0,1
learn,0,0,0
launched,1,0,1
chief,0,1,0
self,0,1,0
female,1,1,1
passed,0,0,0
regular,1,0,1
experience,0,1,0
door,0,1,0
quickly,0,0,0
size,0,1,0
issues,0,0,0
hear,0,0,0
increase,0,0,0
civil,1,0,1
lower,1,0,1
fast,1,0,1
evidence,0,1,0
senior,1,1,1
character,0,1,0
beginning,0,1,0
medical,1,0,1
places,0,0,0
traditional,1,0,1
northern,1,0,1
policy,0,1,0
mostly,0,0,0
upon,0,0,0
network,0,1,0
artists,0,0,0
attention,0,1,0
safety,0,1,0
interest,0,1,0
allow,0,0,0
author,0,1,0
tournament,0,1,0
stated,0,0,0
jobs,0,0,0
act,0,1,0
wide,1,0,1
length,0,1,0
previously,0,0,0
teachers,0,0,0
model,0,1,0
numbers,0,0,0
eating,1,0,1
studied,1,0,1
replaced,0,0,0
sound,1,0,1
goals,0,0,0
cat,0,1,0
raised,0,0,0
studio,0,1,0
write,0,0,0
street,0,1,0
matter,0,1,0
library,0,1,0
introduced,1,0,1
security,0,1,0
famous,1,0,1
cases,0,0,0
farm,0,1,0
practice,0,1,0
opening,0,1,0
collection,0,1,0
basketball,0,1,0
showed,0,0,0
moving,1,0,1
highest,0,0,0
cover,0,1,0
reach,0,0,0
eyes,0,0,0
certain,1,0,1
results,0,0,0
break,0,1,0
remains,0,0,0
meeting,0,1,0
magazine,0,1,0
writer,0,1,0
officer,0,1,0
starting,0,0,0
seat,0,1,0
stand,0,1,0
significant,1,0,1
ones,0,0,0
refer,0,0,0
legal,1,0,1
manager,0,1,0
bill,0,1,0
giving,0,0,0
truck,0,1,0
becoming,0,0,0
caused,0,0,0
words,0,0,0
teacher,0,1,0
expected,1,0,1
king,0,1,0
products,0,0,0
award,0,1,0
energy,0,1,0
hurt,1,0,1
difficult,1,0,1
section,0,1,0
access,0,1,0
star,0,1,0
hospital,0,1,0
via,0,0,0
billion,0,0,0
gets,0,0,0
vote,0,1,0
association,0,1,0
staff,0,1,0
horse,0,1,0
property,0,1,0
throw,0,1,0
capital,0,1,0
mouth,0,1,0
forced,1,0,1
base,0,1,0
finish,0,0,0
entire,1,0,1
trade,0,1,0
clear,1,0,1
singer,0,1,0
fun,1,1,1
surface,0,1,0
older,0,0,0
coast,0,1,0
sister,0,1,0
classes,0,0,0
someone,0,0,0
entered,0,0,0
computer,0,1,0
particularly,0,0,0
represented,1,0,1
uses,0,0,0
trees,0,0,0
thousands,0,0,0
tried,0,0,0
hello,0,0,0
culture,0,1,0
personal,1,0,1
systems,0,0,0
religious,1,0,1
individual,1,1,1
everyone,0,0,0
battle,0,1,0
hot,1,0,1
key,0,1,0
experts,0,0,0
continue,0,0,0
economic,1,0,1
discovered,0,0,0
laws,0,0,0
finally,0,0,0
hope,0,1,0
visit,0,1,0
york,0,0,0
overall,0,0,0
tour,0,1,0
ways,0,0,0
larger,0,0,0
date,0,1,0
letter,0,1,0
plants,0,0,0
nothing,0,0,0
mine,0,0,0
fighting,0,0,0
defeated,1,0,1
retired,1,0,1
ride,0,1,0
operations,0,0,0
society,0,1,0
reason,0,1,0
shown,0,0,0
medal,0,1,0
contains,0,0,0
cold,1,0,1
annual,1,0,1
films,0,0,0
happy,1,0,1
required,1,0,1
website,0,1,0
independent,1,0,1
rate,0,1,0
gas,0,1,0
thank,0,0,0
division,0,1,0
increased,1,0,1
boys,0,0,0
earth,0,1,0
selected,1,0,1
border,0,1,0
names,0,0,0
bridge,0,1,0
los,0,0,0
effect,0,1,0
activities,0,0,0
victory,0,1,0
hat,0,1,0
anti,0,0,0
meet,0,0,0
complete,1,0,1
primary,1,0,1
stories,0,0,0
grew,0,0,0
painting,0,0,0
earned,1,0,1
arrived,0,0,0
grow,0,0,0
dark,1,0,1
figure,0,1,0
limited,1,0,1
eastern,1,0,1
drink,0,1,0
serving,0,1,0
believed,0,0,0
youth,0,1,0
efforts,0,0,0
charge,0,1,0
funny,1,0,1
dogs,0,0,0
drive,0,1,0
despite,0,0,0
towards,0,0,0
covered,1,0,1
endemic,1,0,1
matches,0,0,0
ahead,0,0,0
km,0,0,0
officers,0,0,0
majority,0,1,0
share,0,0,0
cup,0,1,0
failed,1,0,1
leaving,0,0,0
gone,0,0,0
residents,0,0,0
question,0,1,0
huge,1,0,1
walk,0,1,0
engine,0,1,0
amount,0,1,0
pop,0,0,0
nearby,1,0,1
conditions,0,0,0
smaller,0,0,0
levels,0,0,0
troops,0,0,0
paid,0,0,0
council,0,1,0
bus,0,1,0
heart,0,1,0
generally,0,0,0
structure,0,1,0
understand,0,0,0
shall,0,0,0
global,1,0,1
true,1,0,1
felt,0,1,0
agency,0,1,0
route,0,1,0
offered,0,0,0
mountain,0,1,0
orange,1,1,1
ask,0,0,0
commercial,1,1,1
clean,1,0,1
treatment,0,1,0
heavy,1,0,1
phone,0,1,0
appearance,0,1,0
associated,1,0,1
relationship,0,1,0
kept,0,0,0
learning,0,0,0
particular,1,0,1
habitat,0,1,0
additional,1,0,1
foreign,1,0,1
toys,0,0,0
supported,1,0,1
championship,0,1,0
mission,0,1,0
executive,1,1,1
america,0,0,0
soldiers,0,0,0
responsible,1,0,1
wear,0,0,0
looked,0,0,0
nose,0,1,0
location,0,1,0
camp,0,1,0
stars,0,0,0
male,1,1,1
lines,0,0,0
novel,1,1,1
pieces,0,0,0
chinese,1,0,1
material,0,1,0
ancient,1,0,1
response,0,1,0
apple,0,1,0
dance,0,1,0
management,0,1,0
records,0,0,0
graduated,1,0,1
lack,0,0,0
travel,0,1,0
husband,0,1,0
juice,0,1,0
wrong,1,0,1
boat,0,1,0
thus,0,0,0
risk,0,1,0
angeles,0,0,0
hour,0,1,0
score,0,1,0
al,0,0,0
reading,0,0,0
growth,0,1,0
newspaper,0,1,0
tracks,0,0,0
heard,0,0,0
pass,0,1,0
grade,0,1,0
sleep,0,0,0
couple,0,1,0
safe,1,1,1
nature,0,1,0
page,0,1,0
speed,0,1,0
gives,0,0,0
humans,0,0,0
dead,0,0,0
spread,0,1,0
lake,0,1,0
deep,1,0,1
foot,0,1,0
view,0,1,0
sales,0,0,0
provides,0,0,0
effort,0,1,0
union,0,1,0
protect,0,0,0
railway,0,1,0
birds,0,0,0
numerous,0,0,0
administration,0,1,0
competed,0,0,0
wall,0,1,0
ocean,0,1,0
offer,0,1,0
la,0,0,0
talking,1,0,1
leaves,0,0,0
sign,0,1,0
winter,0,1,0
marriage,0,1,0
recording,0,1,0
join,0,0,0
pull,0,0,0
skills,0,0,0
calls,0,0,0
extra,1,0,1
focus,0,1,0
variety,0,1,0
san,0,0,0
edition,0,1,0
carried,0,0,0
laura,0,0,0
serve,0,0,0
initially,0,0,0
careful,1,0,1
quality,1,1,1
pressure,0,1,0
mainly,0,0,0
positive,1,0,1
terms,0,0,0
separate,1,0,1
ability,0,1,0
financial,1,0,1
tropical,1,0,1
pictures,0,0,0
feature,0,1,0
seasons,0,0,0
congress,0,1,0
russia,0,1,0
attacks,0,0,0
review,0,1,0
tells,0,0,0
holding,0,0,0
operated,0,0,0
characters,0,0,0
homes,0,0,0
gun,0,1,0
forest,0,1,0
rural,1,0,1
equipment,0,1,0
status,0,1,0
remain,0,0,0
winner,0,1,0
florida,0,0,0
farmers,0,0,0
fix,0,1,0
violence,0,1,0
younger,0,0,0
brain,0,1,0
broken,1,0,1
carry,0,0,0
projects,0,0,0
chicago,0,0,0
claimed,0,0,0
alone,0,0,0
eggs,0,0,0
houses,0,0,0
press,0,1,0
block,0,1,0
standard,1,0,1
dropped,0,0,0
fit,0,1,0
square,1,1,1
musical,1,0,1
plane,0,1,0
catch,0,0,0
cancer,0,1,0
specific,1,0,1
tower,0,1,0
environment,0,1,0
units,0,0,0
bought,0,0,0
fans,0,0,0
produce,0,1,0
climate,0,1,0
baseball,0,1,0
forward,0,0,0
dry,1,0,1
save,0,0,0
mama,0,0,0
chance,0,1,0
yep,0,0,0
politician,0,1,0
flight,0,1,0
cross,0,1,0
learned,1,0,1
editor,0,1,0
serious,1,0,1
agreed,0,0,0
appears,0,0,0
communities,0,0,0
stuff,0,1,0
historic,1,0,1
follow,0,0,0
sense,0,1,0
birthday,0,1,0
approximately,0,0,0
prison,0,1,0
fellow,1,1,1
wing,0,1,0
broke,1,0,1
province,0,1,0
fly,0,1,0
fine,1,0,1
operation,0,1,0
rule,0,1,0
conference,0,1,0
revealed,1,0,1
source,0,1,0
effects,0,0,0
putting,0,0,0
toward,0,0,0
subject,0,1,0
step,0,1,0
william,0,0,0
managed,1,0,1
complex,1,1,1
kitty,0,1,0
approach,0,1,0
compared,0,0,0
unit,0,1,0
proposed,1,0,1
teaching,0,0,0
businesses,0,0,0
helps,0,0,0
knew,0,0,0
spot,0,1,0
eye,0,1,0
presented,1,0,1
meaning,0,1,0
acquired,1,0,1
authorities,0,0,0
african,1,0,1
producer,0,1,0
cultural,1,0,1
sell,0,0,0
decades,0,0,0
supposed,1,0,1
touch,0,1,0
happen,0,0,0
planned,1,0,1
owner,0,1,0
mixed,1,0,1
simply,0,0,0
potential,1,1,1
destroyed,1,0,1
costs,0,0,0
twice,0,0,0
sitting,0,0,0
arms,0,0,0
candidate,0,1,0
immediately,0,0,0
hundreds,0,0,0
voice,0,1,0
founder,0,1,0
trip,0,1,0
committee,0,1,0
doctor,0,1,0
weather,0,1,0
conducted,0,0,0
forms,0,0,0
easy,1,0,1
biggest,0,0,0
taught,0,0,0
damage,0,1,0
stations,0,0,0
spring,0,1,0
digital,1,0,1
mark,0,1,0
offers,0,0,0
quite,0,0,0
issued,0,0,0
remaining,1,0,1
camera,0,1,0
cells,0,0,0
caught,0,0,0
dangerous,1,0,1
helping,0,0,0
historical,1,0,1
agreement,0,1,0
situation,0,1,0
double,0,0,0
beach,0,1,0
sarah,0,0,0
physical,1,0,1
activity,0,1,0
flying,1,0,1
tape,0,1,0
host,0,1,0
subsequently,0,0,0
estimated,1,0,1
appear,0,0,0
bank,0,1,0
ships,0,0,0
sites,0,0,0
develop,0,0,0
highly,0,0,0
stopped,0,0,0
blocks,0,0,0
scene,0,1,0
promoted,1,0,1
directly,0,0,0
standing,1,0,1
search,0,1,0
spend,0,0,0
snow,0,1,0
participated,0,0,0
stores,0,0,0
label,0,1,0
chart,0,1,0
types,0,0,0
attempt,0,1,0
appearances,0,0,0
driving,1,0,1
consists,0,0,0
environmental,1,0,1
broadcast,0,1,0
begin,0,0,0
cast,0,1,0
onto,0,0,0
firm,0,1,0
fields,0,0,0
silver,1,1,1
losing,1,0,1
straight,1,0,1
stone,0,1,0
assistant,0,1,0
regional,1,0,1
generation,0,1,0
reports,0,0,0
centre,0,1,0
visitors,0,0,0
impact,0,1,0
wild,1,0,1
seems,0,0,0
continues,0,0,0
receive,0,0,0
removed,1,0,1
individuals,0,0,0
letters,0,0,0
mayor,0,1,0
sing,0,0,0
composed,1,0,1
weapons,0,0,0
sweetie,0,1,0
organized,1,0,1
value,0,1,0
minister,0,1,0
teeth,0,0,0
questions,0,0,0
improve,0,0,0
multiple,0,0,0
lady,0,1,0
buried,1,0,1
distance,0,1,0
declared,1,0,1
parish,0,1,0
critics,0,0,0
metal,1,1,1
silly,1,0,1
forests,0,0,0
scientific,1,0,1
glass,0,1,0
sun,0,1,0
meant,0,0,0
speech,0,1,0
except,0,0,0
prior,1,0,1
defense,0,1,0
titled,1,0,1
weight,0,1,0
elections,0,0,0
crime,0,1,0
sides,0,0,0
theory,0,1,0
threatened,1,0,1
crew,0,0,0
flowers,0,0,0
wearing,0,0,0
monday,0,0,0
command,0,1,0
ordered,1,0,1
selling,0,0,0
ideas,0,0,0
africa,0,1,0
happens,0,0,0
article,0,1,0
greater,0,0,0
direct,1,0,1
yards,0,0,0
kill,0,1,0
drug,0,1,0
coffee,0,1,0
product,0,1,0
actor,0,1,0
tiny,1,0,1
cookie,0,1,0
rise,0,0,0
meat,0,1,0
governor,0,1,0
direction,0,1,0
organizations,0,0,0
primarily,0,0,0
beyond,0,0,0
income,0,1,0
finding,0,1,0
internet,0,1,0
arrested,0,0,0
influence,0,1,0
leadership,0,1,0
rich,1,0,1
prevent,0,0,0
valley,0,1,0
texas,0,0,0
defeat,0,1,0
officially,0,0,0
rare,1,0,1
interview,0,1,0
bottom,0,1,0
follows,0,0,0
guy,0,1,0
becomes,0,0,0
window,0,1,0
referred,0,0,0
lunch,0,1,0
injury,0,1,0
sport,0,1,0
academic,1,0,1
extended,1,0,1
tuesday,0,0,0
difference,0,1,0
elements,0,0,0
serves,0,0,0
raise,0,1,0
constructed,1,0,1
allows,0,0,0
villages,0,0,0
bye,0,0,0
planet,0,1,0
thinking,1,0,1
patients,0,0,0
latter,0,0,0
transferred,0,0,0
secret,1,1,1
mexico,0,1,0
funding,0,1,0
tail,0,1,0
widely,0,0,0
trouble,0,1,0
ring,0,1,0
theme,0,1,0
parks,0,0,0
trial,0,1,0
simple,1,0,1
inspired,1,0,1
featuring,0,0,0
john,0,0,0
daily,1,0,1
critical,1,0,1
soccer,0,1,0
opportunity,0,1,0
changing,1,0,1
feed,0,1,0
send,0,0,0
beautiful,1,0,1
medicine,0,1,0
bag,0,1,0
divided,1,0,1
airport,0,1,0
bunny,0,1,0
owners,0,0,0
shooting,0,0,0
districts,0,0,0
bigger,0,0,0
wind,0,1,0
trains,0,0,0
powerful,1,0,1
judge,0,1,0
statement,0,1,0
completely,0,0,0
account,0,1,0
prize,0,1,0
captured,1,0,1
focused,1,0,1
poverty,0,1,0
blood,0,1,0
chairman,0,1,0
fought,0,0,0
assigned,1,0,1
customers,0,0,0
breakfast,0,1,0
machine,0,1,0
suffered,1,0,1
duck,0,1,0
suggested,1,0,1
marine,1,0,1
traffic,0,1,0
surname,0,1,0
shoes,0,0,0
scale,0,1,0
largely,0,0,0
wood,0,1,0
necessary,1,0,1
dedicated,1,0,1
recognized,1,0,1
favorite,1,0,1
quarter,0,1,0
footballer,0,1,0
adopted,1,0,1
foundation,0,1,0
price,0,1,0
wednesday,0,0,0
accepted,1,0,1
justice,0,1,0
calling,0,0,0
clubs,0,0,0
unique,1,0,1
ross,0,0,0
wildlife,0,1,0
scoring,0,0,0
citizens,0,0,0
purchased,0,0,0
fruit,0,1,0
guitar,0,1,0
confirmed,1,0,1
guess,0,1,0
challenge,0,1,0
alongside,0,0,0
begins,0,0,0
mass,0,1,0
standards,0,0,0
lies,0,0,0
reasons,0,0,0
initial,1,1,1
estate,0,1,0
adam,0,0,0
creating,0,0,0
prominent,1,0,1
economy,0,1,0
minor,1,0,1
conflict,0,1,0
newly,0,0,0
choice,0,1,0
reviews,0,0,0
finds,0,0,0
branch,0,1,0
identified,1,0,1
nominated,1,0,1
swimming,0,0,0
providing,0,0,0
interested,1,0,1
connected,1,0,1
materials,0,0,0
tests,0,0,0
toy,0,1,0
acting,1,0,1
starts,0,0,0
facilities,0,0,0
content,0,1,0
heat,0,1,0
syria,0,0,0
typically,0,0,0
upper,1,0,1
copies,0,0,0
supply,0,1,0
tall,1,0,1
hopes,0,0,0
formerly,0,0,0
tax,0,1,0
message,0,1,0
zoo,0,1,0
awards,0,0,0
mind,0,1,0
gained,0,0,0
jump,0,1,0
singles,0,0,0
actions,0,0,0
purpose,0,1,0
cow,0,1,0
seem,0,0,0
resources,0,0,0
holds,0,0,0
clothes,0,0,0
perhaps,0,0,0
pre,0,0,0
faced,0,0,0
worth,0,0,0
walking,0,0,0
collected,1,0,1
champion,0,1,0
housing,0,1,0
occurred,0,0,0
storm,0,1,0
sex,0,1,0
apart,0,0,0
vehicles,0,0,0
software,0,1,0
doctors,0,0,0
protection,0,1,0
leg,0,1,0
engineering,0,0,0
guns,0,0,0
spending,0,0,0
arts,0,0,0
basis,0,1,0
channel,0,1,0
represent,0,0,0
advanced,1,0,1
moth,0,1,0
presence,0,1,0
missing,1,0,1
campus,0,1,0
avoid,0,0,0
fewer,0,0,0
thinks,0,0,0
shape,0,1,0
sick,1,0,1
count,0,1,0
journal,0,1,0
figures,0,0,0
captain,0,1,0
analysis,0,1,0
peace,0,1,0
capacity,0,1,0
claims,0,0,0
ranked,1,0,1
master,0,1,0
killing,1,0,1
drama,0,1,0
knows,0,0,0
teach,0,0,0
reduced,1,0,1
anyone,0,0,0
restaurant,0,1,0
adults,0,0,0
math,0,1,0
hill,0,1,0
mom,0,1,0
behavior,0,1,0
intended,1,0,1
labor,0,1,0
brothers,0,0,0
developing,0,0,0
stuck,1,0,1
paintings,0,0,0
cheese,0,1,0
scientist,0,1,0
knowledge,0,1,0
returning,0,0,0
demand,0,1,0
split,1,1,1
healthy,1,0,1
bears,0,0,0
festival,0,1,0
republican,0,1,0
era,0,1,0
testing,0,0,0
listen,0,0,0
combined,1,0,1
albums,0,0,0
visited,1,0,1
nations,0,0,0
march,0,1,0
vice,0,0,0
freedom,0,1,0
allowing,0,0,0
employees,0,0,0
refused,0,0,0
egg,0,1,0
honor,0,1,0
cool,1,0,1
chicken,0,1,0
watching,0,0,0
hall,0,1,0
arm,0,1,0
expert,0,1,0
fully,0,0,0
showing,0,0,0
drop,0,1,0
image,0,1,0
brand,0,1,0
athletes,0,0,0
fishing,0,0,0
mid,0,0,0
trained,0,0,0
grown,1,0,1
hosted,1,0,1
screen,0,1,0
filled,0,0,0
millions,0,0,0
approved,0,0,0
basic,1,0,1
renamed,1,0,1
investigation,0,1,0
noise,0,1,0
walls,0,0,0
uhoh,0,0,0
neighborhood,0,1,0
english,0,0,0
partner,0,1,0
dinner,0,1,0
launch,0,1,0
whoa,0,0,0
card,0,1,0
somebody,0,0,0
platform,0,1,0
birth,0,1,0
tools,0,0,0
protests,0,0,0
expensive,1,0,1
contact,0,1,0
chosen,1,0,1
chemical,1,1,1
reduce,0,0,0
graduate,0,1,0
mentioned,0,0,0
principal,1,1,1
aid,0,1,0
operating,1,0,1
painted,0,0,0
solo,1,1,1
ending,0,1,0
sugar,0,1,0
signs,0,0,0
shirt,0,1,0
semi,0,1,0
controlled,1,0,1
likes,0,0,0
ye,0,0,0
secretary,0,1,0
worldwide,1,0,1
easily,0,0,0
notable,1,0,1
nuclear,1,0,1
concert,0,1,0
moon,0,1,0
whoops,0,0,0
audience,0,1,0
parties,0,0,0
institute,0,1,0
beat,0,1,0
treated,1,0,1
abe,0,0,0
seats,0,0,0
roof,0,1,0
sorry,0,0,0
slow,1,0,1
expanded,1,0,1
van,0,1,0
hockey,0,1,0
planning,0,0,0
driver,0,1,0
immigrants,0,0,0
normal,0,0,0
educated,1,0,1
hotel,0,1,0
pilot,1,1,1
setting,0,1,0
sources,0,0,0
therefore,0,0,0
educational,1,0,1
politics,0,0,0
refugees,0,0,0
increasing,1,0,1
positions,0,0,0
languages,0,0,0
subtropical,1,0,1
views,0,0,0
method,0,1,0
cell,0,1,0
opposition,0,1,0
colors,0,0,0
sets,0,0,0
pair,0,1,0
warm,1,0,1
relations,0,0,0
drones,0,0,0
survey,0,1,0
existing,1,0,1
everybody,0,0,0
injured,1,0,1
urban,1,0,1
performances,0,0,0
explained,0,0,0
ends,0,0,0
measure,0,1,0
turning,0,0,0
die,0,0,0
bodies,0,0,0
emergency,0,1,0
picked,0,0,0
relatively,0,0,0
causes,0,0,0
receiving,0,0,0
claim,0,1,0
inhabitants,0,0,0
perform,0,0,0
items,0,0,0
covers,0,0,0
stood,0,0,0
spoke,0,0,0
designated,1,0,1
accident,0,1,0
commonly,0,0,0
nomi,0,0,0
shop,0,1,0
decade,0,1,0
fear,0,1,0
roles,0,0,0
shared,1,0,1
horses,0,0,0
naima,0,0,0
regions,0,0,0
speaking,1,0,1
singing,0,0,0
episodes,0,0,0
edge,0,1,0
users,0,0,0
turns,0,0,0
territory,0,1,0
invited,0,0,0
memory,0,1,0
pink,1,0,1
streets,0,0,0
waters,0,0,0
bite,0,1,0
vehicle,0,1,0
titles,0,0,0
bay,0,1,0
existence,0,1,0
peter,0,0,0
settlement,0,1,0
literature,0,1,0
surrounding,0,1,0
require,0,0,0
target,0,1,0
rain,0,1,0
sounds,0,0,0
wet,1,0,1
budget,0,1,0
legs,0,0,0
models,0,0,0
applied,1,0,1
sons,0,0,0
facility,0,1,0
representing,0,0,0
unknown,1,0,1
studying,0,0,0
address,0,1,0
kiss,0,1,0
rocks,0,0,0
dollars,0,0,0
industrial,1,0,1
tired,1,0,1
murder,0,1,0
resulted,0,0,0
drawing,0,1,0
closely,0,0,0
lose,0,0,0
bowl,0,1,0
comedy,0,1,0
circle,0,1,0
kitchen,0,1,0
religion,0,1,0
armed,1,0,1
engineer,0,1,0
thanks,0,0,0
decide,0,0,0
adult,1,0,1
images,0,0,0
factory,0,1,0
situated,0,0,0
headquarters,0,1,0
courses,0,0,0
paul,0,0,0
effective,1,0,1
bar,0,1,0
supporters,0,0,0
ebola,0,0,0
concept,0,1,0
promote,0,0,0
seconds,0,0,0
connection,0,1,0
obtained,0,0,0
background,0,1,0
format,0,1,0
carrying,0,0,0
islamic,1,0,1
enter,0,0,0
escape,0,1,0
aired,1,0,1
corner,0,1,0
unable,1,0,1
rates,0,0,0
tries,0,0,0
attacked,1,0,1
ban,0,1,0
respectively,0,0,0
easier,0,0,0
agent,0,1,0
marked,1,0,1
waiting,0,0,0
michael,0,0,0
lion,0,1,0
friday,0,0,0
coal,0,1,0
oldest,0,0,0
performing,1,0,1
hole,0,1,0
creation,0,1,0
accused,0,0,0
alex,0,0,0
lawyer,0,1,0
presidential,1,0,1
exchange,0,1,0
determined,1,0,1
granted,1,0,1
voted,1,0,1
bringing,0,0,0
elephant,0,1,0
concerns,0,0,0
passing,1,0,1
determine,0,0,0
squad,0,1,0
dress,0,1,0
argued,0,0,0
gay,1,0,1
guys,0,0,0
heads,0,0,0
videos,0,0,0
speak,0,0,0
worried,1,0,1
dirty,1,0,1
debate,0,1,0
code,0,1,0
threat,0,1,0
ceremony,0,1,0
highway,0,1,0
commissioned,1,0,1
crisis,0,1,0
text,0,1,0
actress,0,1,0
pro,0,1,0
tradition,0,1,0
notes,0,0,0
whales,0,0,0
shaped,1,0,1
sees,0,0,0
passengers,0,0,0
devices,0,0,0
sunday,0,1,0
flow,0,1,0
discovery,0,1,0
airplane,0,1,0
seeing,0,0,0
ultimately,0,0,0
promotion,0,1,0
hunting,0,0,0
causing,0,0,0
qualified,1,0,1
leads,0,0,0
believes,0,0,0
answer,0,1,0
hired,0,0,0
moment,0,1,0
criminal,1,1,1
votes,0,0,0
stands,0,0,0
worse,0,0,0
soil,0,1,0
documents,0,0,0
br,0,0,0
articles,0,0,0
reality,0,1,0
exactly,0,0,0
attend,0,0,0
function,0,1,0
corn,0,1,0
starring,0,0,0
latest,0,0,0
charges,0,0,0
progress,0,1,0
transfer,0,1,0
sought,0,0,0
musicians,0,0,0
roll,0,1,0
keeping,0,0,0
combat,0,1,0
praised,1,0,1
understanding,1,1,1
authority,0,1,0
laid,0,0,0
carolina,0,0,0
tea,0,1,0
junior,1,1,1
entry,0,1,0
slightly,0,0,0
oops,0,0,0
rice,0,1,0
garden,0,1,0
details,0,0,0
thursday,0,1,0
finals,0,0,0
heavily,0,0,0
perfect,1,0,1
temple,0,1,0
scheduled,1,0,1
documentary,0,1,0
contained,1,0,1
contemporary,1,0,1
strike,0,1,0
abandoned,1,0,1
protected,1,0,1
interesting,1,0,1
purple,1,0,1
europe,0,1,0
islands,0,0,0
electric,1,0,1
settled,1,0,1
temperature,0,1,0
pig,0,1,0
conservation,0,1,0
measures,0,0,0
alternative,1,1,1
passes,0,0,0
add,0,0,0
succeeded,1,0,1
centers,0,0,0
methods,0,0,0
chose,0,0,0
piano,0,1,0
reaching,1,0,1
condition,0,1,0
mouse,0,1,0
candidates,0,0,0
sale,0,1,0
injuries,0,0,0
frequently,0,0,0
degrees,0,0,0
sky,0,1,0
giant,1,1,1
telling,0,0,0
check,0,1,0
hungry,1,0,1
wins,0,0,0
russian,1,1,1
sand,0,1,0
kinds,0,0,0
opposed,0,0,0
representative,1,1,1
sat,0,0,0
partnership,0,1,0
flat,1,0,1
protest,0,1,0
bronze,0,0,0
shortly,0,0,0
identity,0,1,0
acts,0,0,0
category,0,1,0
attempts,0,0,0
distribution,0,1,0
publication,0,1,0
linked,0,0,0
headed,0,0,0
adding,0,0,0
zone,0,1,0
possibly,0,0,0
victims,0,0,0
soft,1,0,1
bones,0,0,0
mental,1,0,1
stayed,0,0,0
closer,0,0,0
fresh,1,0,1
founding,1,0,1
teens,0,0,0
offices,0,0,0
charged,1,0,1
affected,1,0,1
secondary,1,0,1
display,0,1,0
angry,1,0,1
exist,0,0,0
guard,0,1,0
guest,0,1,0
represents,0,0,0
resulting,0,0,0
roads,0,0,0
chain,1,1,1
pool,0,1,0
consecutive,1,0,1
achieved,0,0,0
foods,0,0,0
minimum,1,0,1
survived,0,0,0
centuries,0,0,0
crowd,0,1,0
locations,0,0,0
negative,1,0,1
sheep,0,1,0
finishing,1,0,1
immigration,0,1,0
protesters,0,0,0
application,0,1,0
suggests,0,0,0
towns,0,0,0
funds,0,0,0
gain,0,1,0
supporting,1,0,1
exercise,0,1,0
shut,0,0,0
loan,0,1,0
roughly,0,0,0
castle,0,1,0
cookies,0,0,0
del,0,0,0
concluded,0,0,0
consider,0,0,0
defined,1,0,1
benefits,0,0,0
extremely,0,0,0
device,0,1,0
rose,0,1,0
choose,0,0,0
painter,0,1,0
happening,0,0,0
david,0,0,0
intelligence,0,1,0
pounds,0,0,0
asking,0,0,0
flag,0,1,0
mining,0,0,0
stick,0,1,0
successfully,0,0,0
agriculture,0,1,0
rooms,0,0,0
permanent,1,0,1
registered,1,0,1
iraq,0,0,0
populations,0,0,0
fired,1,0,1
journalist,0,1,0
versions,0,0,0
iron,0,1,0
joining,0,0,0
prepared,1,0,1
falling,0,0,0
respect,0,1,0
limit,0,1,0
skin,0,1,0
grand,1,0,1
dream,0,1,0
theatre,0,1,0
steps,0,0,0
anymore,0,0,0
racing,0,0,0
northwest,1,0,1
tie,0,1,0
chocolate,0,1,0
cream,0,1,0
plate,1,1,1
tough,1,0,1
dozen,0,0,0
importance,0,0,0
hearing,0,0,0
crash,0,1,0
differences,0,0,0
northeast,1,0,1
feeling,0,1,0
drawn,0,0,0
roman,1,1,1
illegal,1,0,1
june,0,0,0
thomas,0,0,0
agencies,0,0,0
paying,1,0,1
babies,0,0,0
retirement,0,1,0
weekend,0,1,0
hop,0,0,0
cards,0,0,0
sleeping,0,0,0
bottle,0,1,0
structures,0,0,0
employed,1,0,1
plastic,1,1,1
contributed,0,0,0
compete,0,0,0
yesterday,0,0,0
wheel,0,1,0
(;,0,0,0
consisted,0,0,0
fair,1,0,1
deaths,0,0,0
winners,0,0,0
specifically,0,0,0
lawmakers,0,0,0
rescue,0,0,0
posted,1,0,1
scenes,0,0,0
selection,0,1,0
busy,1,0,1
papers,0,0,0
reference,0,1,0
technical,1,0,1
brush,0,1,0
improved,1,0,1
shopping,0,0,0
ruled,0,0,0
aged,1,0,1
transport,0,1,0
criticized,1,0,1
farms,0,0,0
mountains,0,0,0
duty,0,1,0
recognition,0,0,0
goods,0,0,0
incident,0,1,0
journey,0,1,0
sort,0,0,0
portion,0,1,0
gene,0,1,0
contest,0,1,0
wash,0,0,0
drew,0,0,0
installed,1,0,1
joint,0,1,0
grass,0,1,0
unusual,1,0,1
concerned,1,0,1
occupied,1,0,1
doggie,0,1,0
taste,0,0,0
poetry,0,1,0
entitled,1,0,1
formation,0,1,0
faster,0,0,0
george,0,0,0
authors,0,0,0
blow,0,0,0
childhood,0,1,0
debuted,0,0,0
windows,0,0,0
males,0,0,0
microphone,0,1,0
opportunities,0,0,0
doll,0,1,0
worst,0,0,0
restaurants,0,0,0
welcome,0,0,0
volume,0,1,0
lay,0,0,0
rising,0,0,0
profit,0,1,0
agricultural,1,0,1
fashion,0,1,0
admitted,1,0,1
path,0,1,0
seemed,0,0,0
policies,0,0,0
daughters,0,0,0
commander,0,1,0
prices,0,0,0
drone,0,1,0
commission,0,1,0
attempted,1,0,1
french,1,0,1
refers,0,0,0
afternoon,0,1,0
extensive,1,0,1
establish,0,0,0
origin,0,1,0
movies,0,0,0
fuel,0,1,0
task,0,1,0
passenger,0,1,0
fixed,1,0,1
regularly,0,0,0
paint,0,1,0
interests,0,0,0
core,0,1,0
otherwise,0,0,0
institutions,0,0,0
solar,0,0,0
legislation,0,1,0
waste,0,1,0
entirely,0,0,0
administrative,0,0,0
voters,0,0,0
sexual,1,0,1
increasingly,0,0,0
metres,0,0,0
universities,0,0,0
agree,0,0,0
drinking,1,0,1
expansion,0,1,0
enforcement,0,0,0
expressed,1,0,1
concern,0,1,0
finger,0,1,0
experienced,1,0,1
salt,0,1,0
pointed,1,0,1
neck,0,1,0
moist,1,0,1
exhibition,0,1,0
riding,0,0,0
missed,1,0,1
operate,0,0,0
engaged,1,0,1
files,0,0,0
transportation,0,1,0
height,0,1,0
maximum,1,0,1
objects,0,0,0
participate,0,0,0
empty,1,0,1
friendly,1,0,1
mobile,1,0,1
lily,0,1,0
nasa,0,0,0
churches,0,0,0
benefit,0,1,0
contain,0,0,0
architect,0,1,0
boom,0,1,0
pitched,1,0,1
influenced,0,0,0
el,0,0,0
seeking,0,0,0
rivers,0,0,0
disney,0,1,0
practices,0,0,0
cave,0,1,0
acres,0,0,0
pulled,0,0,0
jazz,0,1,0
electronic,1,0,1
occurs,0,0,0
worry,0,0,0
seeds,0,0,0
ensure,0,0,0
lyrics,0,0,0
seventh,1,0,1
cook,0,1,0
advantage,0,1,0
falls,0,0,0
hits,0,0,0
prime,1,0,1
breaking,1,0,1
proved,1,0,1
producing,0,0,0
containing,0,0,0
damaged,1,0,1
resigned,1,0,1
survive,0,0,0
slide,0,1,0
lands,0,0,0
credit,0,1,0
supports,0,0,0
pushed,0,0,0
rabbit,0,1,0
orders,0,0,0
typical,1,0,1
virus,0,1,0
fighters,0,0,0
equal,1,0,1
bang,0,1,0
cake,0,1,0
strength,0,1,0
entrance,0,1,0
genes,0,0,0
temperatures,0,0,0
facing,0,0,0
none,0,0,0
puzzle,0,1,0
applications,0,0,0
dates,0,0,0
wonder,0,1,0
cuba,0,1,0
watched,0,0,0
sweet,1,0,1
button,0,1,0
solution,0,1,0
mile,0,1,0
traveled,0,0,0
pattern,0,1,0
reserve,0,1,0
sad,1,0,1
dinosaur,0,1,0
attached,1,0,1
bacteria,0,0,0
regarding,0,0,0
dressed,1,0,1
requires,0,0,0
monkey,0,1,0
spoon,0,1,0
ukraine,0,1,0
republicans,0,0,0
pollution,0,1,0
insurance,0,1,0
maintained,1,0,1
suspended,1,0,1
fan,0,1,0
telephone,0,1,0
rank,0,1,0
phase,0,1,0
enemy,0,1,0
subjects,0,0,0
wooden,1,0,1
uncle,0,1,0
downtown,0,1,0
subsequent,1,0,1
domestic,1,0,1
parent,0,1,0
dad,0,1,0
drugs,0,0,0
map,0,1,0
races,0,0,0
delivered,1,0,1
offering,0,1,0
struggle,0,1,0
theater,0,1,0
assistance,0,1,0
dna,0,1,0
massive,1,0,1
port,0,1,0
flower,0,1,0
request,0,1,0
lots,0,0,0
raising,0,0,0
deputy,0,1,0
feels,0,0,0
mix,0,1,0
visiting,1,0,1
boats,0,0,0
etc,0,0,0
rail,0,1,0
saturday,0,1,0
derived,1,0,1
god,0,1,0
brick,0,1,0
tied,1,0,1
committed,1,0,1
danger,0,1,0
quiet,1,0,1
elementary,1,0,1
peak,0,1,0
coaches,0,0,0
premiered,1,0,1
supplies,0,0,0
academy,0,1,0
session,0,1,0
independence,0,1,0
entertainment,0,1,0
responsibility,0,1,0
gray,1,0,1
greatest,0,0,0
weekly,1,0,1
climb,0,0,0
occur,0,0,0
evening,0,1,0
mill,0,1,0
capture,0,0,0
poet,0,1,0
distributed,1,0,1
trucks,0,0,0
barack,0,0,0
cats,0,0,0
germany,0,0,0
stadium,0,1,0
fund,0,1,0
advance,0,1,0
super,1,0,1
ate,0,0,0
fiction,0,1,0
homeless,1,0,1
photos,0,0,0
historian,0,1,0
properties,0,0,0
nathaniel,0,0,0
findings,0,0,0
quick,1,0,1
ethnic,1,0,1
challenges,0,0,0
crossing,0,1,0
von,0,0,0
observed,1,0,1
failure,0,1,0
tool,0,1,0
treat,0,1,0
bread,0,1,0
females,0,0,0
motion,0,1,0
bats,0,0,0
clearly,0,0,0
multi,0,0,0
diseases,0,0,0
alive,1,0,1
combination,0,1,0
filed,0,0,0
violent,1,0,1
converted,1,0,1
replace,0,0,0
collaboration,0,1,0
writers,0,0,0
sector,0,1,0
wave,0,1,0
engines,0,0,0
sub,0,1,0
investment,0,1,0
declined,0,0,0
powers,0,0,0
stating,0,0,0
extension,0,1,0
lions,0,0,0
nina,0,0,0
carbon,0,1,0
faces,0,0,0
cash,0,1,0
instance,0,1,0
ethan,0,0,0
courts,0,0,0
hiding,0,0,0
tomorrow,0,0,0
designs,0,0,0
shoot,0,0,0
southeast,1,0,1
agents,0,0,0
decisions,0,0,0
royal,1,1,1
surprise,0,1,0
mars,0,0,0
ages,0,0,0
surrounded,0,0,0
describes,0,0,0
suffering,0,1,0
slowly,0,0,0
heritage,0,1,0
crops,0,0,0
volunteers,0,0,0
miss,0,1,0
peekaboo,0,0,0
tobacco,0,1,0
cutting,1,0,1
establishment,0,1,0
bell,0,1,0
gosh,0,0,0
harder,0,0,0
municipal,0,1,0
bands,0,0,0
stages,0,0,0
cute,1,0,1
genetic,1,0,1
row,0,1,0
smoking,1,0,1
struck,0,0,0
farming,1,0,1
grant,0,1,0
tank,0,1,0
narrow,1,0,1
spots,0,0,0
habitats,0,0,0
accept,0,0,0
worker,0,1,0
moves,0,0,0
clock,0,1,0
programme,0,1,0
purchase,0,1,0
ha,0,0,0
boo,0,0,0
experiences,0,0,0
earn,0,0,0
attorney,0,1,0
string,0,1,0
grandfather,0,1,0
tribe,0,1,0
draft,0,1,0
wheels,0,0,0
identify,0,0,0
wounded,1,0,1
affect,0,0,0
trust,0,1,0
opposite,1,0,1
medals,0,0,0
meetings,0,0,0
ears,0,0,0
limits,0,0,0
appeal,0,1,0
returns,0,0,0
severe,1,0,1
wake,0,1,0
afghanistan,0,1,0
communication,0,1,0
banks,0,0,0
pretend,0,0,0
gathered,0,0,0
explain,0,0,0
driven,1,0,1
link,0,1,0
rating,0,1,0
farmer,0,1,0
ruling,1,0,1
dancing,1,0,1
vision,0,1,0
apartment,0,1,0
tested,0,0,0
lap,0,1,0
literary,1,0,1
maintain,0,0,0
et,0,0,0
patient,0,1,0
meters,0,0,0
plus,0,1,0
suggest,0,0,0
pen,0,1,0
tech,0,1,0
waves,0,0,0
annually,0,0,0
turkey,0,1,0
stock,0,1,0
computers,0,0,0
entering,0,0,0
separated,1,0,1
normally,0,0,0
coastal,1,0,1
southwest,1,0,1
tunnel,0,1,0
clothing,0,1,0
hip,0,1,0
wings,0,0,0
invasion,0,1,0
spanish,1,1,1
bass,0,0,0
steel,0,1,0
em,0,0,0
architecture,0,1,0
personnel,0,1,0
fingers,0,0,0
joseph,0,0,0
factors,0,0,0
doors,0,0,0
cameras,0,0,0
decline,0,1,0
handed,0,0,0
flows,0,0,0
drivers,0,0,0
criticism,0,1,0
values,0,0,0
composer,0,1,0
web,0,1,0
jury,0,1,0
covering,0,1,0
actual,1,0,1
residential,1,0,1
formal,1,0,1
networks,0,0,0
residence,0,1,0
handle,0,1,0
coverage,0,1,0
marketing,0,1,0
belongs,0,0,0
strongly,0,0,0
missions,0,0,0
colleges,0,0,0
opinion,0,1,0
subfamily,0,1,0
wage,0,1,0
pages,0,0,0
aimed,0,0,0
bright,1,0,1
faculty,0,1,0
classical,1,0,1
commune,0,1,0
buying,0,0,0
note,0,1,0
kick,0,1,0
garbage,0,1,0
consisting,0,0,0
governments,0,0,0
popularity,0,1,0
slavery,0,1,0
walked,0,0,0
comic,1,1,1
vocals,0,0,0
activists,0,0,0
rated,1,0,1
democratic,1,0,1
pushing,0,0,0
briefly,0,0,0
bet,0,1,0
seek,0,0,0
shake,0,1,0
internal,1,0,1
threw,0,0,0
des,0,0,0
disaster,0,1,0
boston,0,0,0
grounds,0,0,0
announcement,0,1,0
landing,0,1,0
snake,0,1,0
certainly,0,0,0
keeps,0,0,0
proposal,0,1,0
recalled,1,0,1
arrest,0,0,0
suit,0,1,0
--,0,0,0
merged,1,0,1
whale,0,1,0
widespread,1,0,1
advertising,0,0,0
bone,0,1,0
memorial,0,1,0
musician,0,1,0
reaction,0,1,0
contrast,0,1,0
james,0,0,0
viewers,0,0,0
sponsored,1,0,1
cuts,0,0,0
frog,0,1,0
conservative,1,1,1
santa,0,1,0
begun,0,0,0
grandma,0,1,0
somewhere,0,0,0
signing,1,0,1
banned,0,0,0
qualifying,1,0,1
strategy,0,1,0
denied,0,0,0
loves,0,0,0
voting,1,0,1
spokesman,0,1,0
yup,0,0,0
puppy,0,1,0
broad,1,0,1
instruments,0,0,0
anniversary,0,1,0
shoe,0,1,0
outbreak,0,1,0
consumers,0,0,0
nobody,0,0,0
opera,0,1,0
tennis,0,1,0
temporary,1,0,1
institution,0,1,0
surprised,1,0,1
plot,0,1,0
afraid,1,0,1
pants,0,0,0
sections,0,0,0
bishop,0,1,0
vegetables,0,0,0
distinct,1,0,1
solid,1,1,1
eve,0,1,0
byebye,0,0,0
storage,0,1,0
bath,0,1,0
resistance,0,1,0
participants,0,0,0
favor,0,1,0
frame,0,1,0
fort,0,1,0
endangered,1,0,1
factor,0,1,0
interior,1,1,1
franchise,0,1,0
operates,0,0,0
shore,0,1,0
grey,1,0,1
elsewhere,0,0,0
electricity,0,1,0
rugby,0,1,0
francisco,0,0,0
emotional,1,0,1
grows,0,0,0
scores,0,0,0
nfl,0,0,0
soldier,0,1,0
charity,0,1,0
concrete,1,1,1
fleet,0,1,0
affairs,0,0,0
earthquake,0,1,0
membership,0,1,0
lessons,0,0,0
competing,0,0,0
column,0,1,0
rear,1,0,1
peaked,1,0,1
smoke,0,1,0
hide,0,0,0
forming,1,0,1
involving,0,0,0
senate,0,1,0
movements,0,0,0
judges,0,0,0
seattle,0,1,0
kid,0,1,0
cited,1,0,1
regarded,1,0,1
roots,0,0,0
signal,0,1,0
apply,0,0,0
classified,1,0,1
shift,0,1,0
chapel,0,1,0
saved,0,0,0
debt,0,1,0
jail,0,1,0
bike,0,1,0
dating,1,0,1
reputation,0,1,0
arrival,0,1,0
visits,0,0,0
crying,1,0,1
fill,0,0,0
upset,1,0,1
rejected,0,0,0
underground,1,1,1
canal,0,1,0
option,0,1,0
depth,0,1,0
tiger,0,1,0
markets,0,0,0
user,0,1,0
sharing,0,0,0
cycle,0,1,0
ferguson,0,0,0
machines,0,0,0
penalty,0,1,0
donated,0,0,0
acted,1,0,1
samples,0,0,0
controversial,1,0,1
functions,0,0,0
cereal,0,1,0
brief,1,0,1
unlike,0,0,0
relative,1,1,1
competitive,1,0,1
meanwhile,0,0,0
encouraged,1,0,1
cricket,0,1,0
landed,1,0,1
sending,0,0,0
guilty,1,0,1
contributions,0,0,0
cousin,0,1,0
cattle,0,0,0
truth,0,1,0
stem,0,1,0
defeating,1,0,1
bat,0,1,0
accompanied,0,0,0
achieve,0,0,0
permission,0,1,0
syrian,1,1,1
funded,1,0,1
object,0,1,0
producers,0,0,0
organisation,0,1,0
photo,0,1,0
mail,0,1,0
tend,0,0,0
crimes,0,0,0
promised,1,0,1
burned,1,0,1
hang,0,0,0
asks,0,0,0
resident,0,1,0
swim,0,0,0
percentage,0,1,0
prove,0,0,0
creative,1,0,1
expect,0,0,0
pain,0,1,0
classic,1,1,1
extreme,1,0,1
apparently,0,0,0
reform,0,1,0
significantly,0,0,0
incorporated,1,0,1
chapter,0,1,0
teaches,0,0,0
techniques,0,0,0
tight,1,0,1
scholars,0,0,0
holiday,0,1,0
resolution,0,1,0
medium,1,0,1
abuse,0,0,0
artistic,1,0,1
requirements,0,0,0
trail,0,1,0
whatever,0,0,0
threats,0,0,0
remove,0,0,0
participation,0,1,0
april,0,0,0
excited,1,0,1
pacific,1,0,1
breeding,1,0,1
exposed,1,0,1
martin,0,0,0
talks,0,0,0
vast,1,0,1
powered,1,0,1
representatives,0,0,0
lab,0,1,0
dated,1,0,1
employment,0,1,0
recorder,0,1,0
arranged,1,0,1
accounts,0,0,0
bush,0,1,0
ear,0,1,0
encourage,0,0,0
railroad,0,1,0
spell,0,1,0
earliest,0,0,0
capable,1,0,1
approval,0,1,0
lists,0,0,0
restored,1,0,1
talent,0,1,0
parliament,0,1,0
diaper,0,1,0
excellent,1,1,1
cm,0,0,0
equipped,1,0,1
balance,0,1,0
introduction,0,1,0
woo,0,0,0
starred,0,0,0
activist,0,1,0
afford,0,0,0
programming,0,1,0
youngest,0,0,0
butterfly,0,1,0
attending,0,0,0
visual,1,1,1
designer,0,1,0
initiative,0,1,0
lights,0,0,0
surgery,0,1,0
manufacturing,0,1,0
edited,1,0,1
defensive,1,0,1
cargo,0,1,0
veterans,0,0,0
borders,0,0,0
tribune,0,1,0
isolated,1,0,1
everywhere,0,0,0
nationwide,1,0,1
scholarship,0,1,0
dozens,0,0,0
classroom,0,1,0
purposes,0,0,0
japan,0,0,0
opponents,0,0,0
queen,0,1,0
yard,0,1,0
thick,1,0,1
useful,1,0,1
songwriter,0,1,0
pocket,0,1,0
spoken,1,0,1
philosophy,0,1,0
turtle,0,1,0
examples,0,0,0
expand,0,0,0
wars,0,0,0
hoping,0,0,0
ownership,0,1,0
neither,0,0,0
meets,0,0,0
hidden,1,0,1
graduating,1,0,1
actors,0,0,0
patterns,0,0,0
grades,0,0,0
blanket,0,1,0
shark,0,1,0
advice,0,1,0
overseas,0,0,0
battery,0,1,0
france,0,1,0
sisters,0,0,0
relatives,0,0,0
motor,0,1,0
india,0,0,0
document,0,1,0
associate,1,1,1
app,0,1,0
guests,0,0,0
realized,0,0,0
publishing,0,0,0
till,0,0,0
cooking,0,0,0
bugs,0,0,0
panel,0,1,0
tickle,0,0,0
illness,0,1,0
dirt,0,1,0
switch,0,1,0
protein,0,1,0
statue,0,1,0
secure,1,0,1
notably,0,0,0
mess,0,1,0
tons,0,0,0
facebook,0,0,0
anywhere,0,0,0
willing,1,0,1
rapidly,0,0,0
adapted,1,0,1
atmosphere,0,1,0
candy,0,1,0
gender,0,1,0
pilots,0,0,0
prisoners,0,0,0
generations,0,0,0
medieval,1,0,1
ex,0,0,0
abroad,0,0,0
partners,0,0,0
newspapers,0,0,0
unless,0,0,0
scared,1,0,1
smith,0,0,0
european,1,0,1
champions,0,0,0
landscape,0,1,0
planets,0,0,0
relief,0,1,0
competitions,0,0,0
composition,0,1,0
seed,0,1,0
regulations,0,0,0
belong,0,0,0
soup,0,1,0
experiment,0,1,0
tribes,0,0,0
du,0,0,0
collections,0,0,0
continuing,1,0,1
fence,0,1,0
wedding,0,1,0
extinct,1,0,1
crown,0,1,0
quack,0,0,0
doubles,0,0,0
branches,0,0,0
readers,0,0,0
collect,0,0,0
swing,0,1,0
nap,0,1,0
cabinet,0,1,0
recordings,0,0,0
stream,0,1,0
ill,1,0,1
ranking,0,0,0
remote,1,1,1
wine,0,1,0
translation,0,1,0
proper,1,0,1
butter,0,1,0
matters,0,0,0
modified,1,0,1
clinton,0,0,0
lie,0,1,0
connect,0,0,0
minority,0,1,0
ii,0,0,0
hospitals,0,0,0
wish,0,1,0
hurricane,0,1,0
charts,0,0,0
estimates,0,0,0
obesity,0,1,0
forget,0,0,0
smart,1,0,1
cemetery,0,1,0
hunt,0,1,0
loud,1,0,1
publications,0,0,0
touchdown,0,1,0
german,1,1,1
suddenly,0,0,0
print,0,1,0
muslim,0,1,0
ministry,0,1,0
mirror,0,1,0
missouri,0,0,0
depending,0,0,0
shell,0,1,0
jersey,0,1,0
credits,0,0,0
fled,0,0,0
wolf,0,1,0
senator,0,1,0
symbol,0,1,0
warning,0,1,0
counties,0,0,0
july,0,0,0
alleged,1,0,1
lakes,0,0,0
loved,1,0,1
bout,0,0,0
priest,0,1,0
camps,0,0,0
mall,0,1,0
sharks,0,0,0
expedition,0,1,0
aim,0,1,0
gap,0,1,0
miami,0,1,0
tribal,1,0,1
dollar,0,1,0
guide,0,1,0
revenue,0,1,0
tonight,0,0,0
colour,0,1,0
folk,0,1,0
bars,0,0,0
winds,0,0,0
frozen,1,0,1
navy,0,1,0
sharp,1,0,1
consumer,0,1,0
british,1,0,1
assist,0,0,0
mystery,0,1,0
cry,0,1,0
persons,0,0,0
conduct,0,1,0
license,0,1,0
mcdonald,0,0,0
colonial,1,0,1
gift,0,1,0
en,0,0,0
richard,0,0,0
rival,1,1,1
colony,0,1,0
israel,0,0,0
bug,0,1,0
bomb,0,1,0
expression,0,1,0
wolves,0,0,0
directors,0,0,0
mention,0,1,0
constant,1,0,1
cable,0,1,0
discuss,0,0,0
gear,0,1,0
beauty,0,1,0
rough,1,0,1
provincial,1,0,1
der,0,0,0
killer,0,1,0
golden,1,0,1
beijing,0,0,0
regiment,1,1,1
instrument,0,1,0
counter,0,1,0
scheme,0,1,0
ties,0,0,0
ray,0,1,0
losses,0,0,0
lying,0,0,0
spirit,0,1,0
desert,0,1,0
distinguished,1,0,1
revolution,0,1,0
valuable,1,0,1
express,0,0,0
township,0,1,0
korea,0,1,0
enjoy,0,0,0
fat,1,0,1
marry,0,0,0
naval,0,0,0
strange,1,0,1
robot,0,1,0
speaker,0,1,0
corporate,1,0,1
notice,0,1,0
sang,0,0,0
constitution,0,1,0
faith,0,1,0
asia,0,0,0
fighter,0,1,0
knock,0,0,0
portrait,0,1,0
barn,0,1,0
correct,1,0,1
marks,0,0,0
leaf,0,1,0
amateur,0,1,0
assault,0,1,0
communist,0,1,0
gang,0,1,0
magic,0,1,0
bills,0,0,0
gallery,0,1,0
eric,0,0,0
crazy,1,0,1
virginia,0,0,0
cooperation,0,1,0
coat,0,1,0
slave,0,1,0
critic,0,1,0
weak,1,0,1
copy,0,0,0
fox,0,1,0
diet,0,1,0
championships,0,0,0
engineers,0,0,0
acid,0,1,0
universe,0,1,0
nutrition,0,1,0
communications,0,0,0
soap,0,1,0
offensive,1,0,1
whilst,0,0,0
volunteer,0,1,0
bond,0,1,0
technologies,0,0,0
indeed,0,0,0
script,0,1,0
monster,0,1,0
japanese,1,0,1
passage,0,1,0
innings,0,0,0
inner,1,0,1
repair,0,1,0
experimental,1,0,1
pet,0,1,0
scholar,0,1,0
mount,0,1,0
max,0,0,0
fed,0,0,0
alliance,0,1,0
alaska,0,0,0
evolution,0,1,0
gardens,0,0,0
twin,0,1,0
athletic,1,0,1
scott,0,0,0
uniform,0,1,0
pitch,0,1,0
harm,0,1,0
supreme,1,0,1
chamber,0,1,0
afterwards,0,0,0
paris,0,0,0
wheat,0,1,0
defend,0,0,0
domain,0,1,0
lincoln,0,0,0
coalition,0,1,0
cap,0,1,0
hammer,0,1,0
tom,0,0,0
drum,0,1,0
illinois,0,0,0
element,0,1,0
retail,0,0,0
pale,0,0,0
tomb,0,1,0
thin,1,0,1
achievement,0,1,0
nest,0,1,0
physics,0,1,0
bid,0,1,0
kansas,0,0,0
sciences,0,0,0
bureau,0,1,0
soul,0,1,0
belief,0,1,0
junction,0,1,0
cotton,0,1,0
steam,0,1,0
repeated,1,0,1
johnson,0,0,0
proud,1,0,1
canada,0,0,0
plain,1,0,1
dear,1,0,1
smell,0,1,0
dam,0,1,0
audio,0,1,0
lieutenant,0,1,0
industries,0,0,0
aviation,0,1,0
